<?xml version="1.0"?>
<Report>
    <ReportQuery>
        <Format>
            <ReportTitle>Attendance Report</ReportTitle>
            <ReportDescription></ReportDescription>
            <PageSize>A4</PageSize>
            <PageOrientation>Portrait</PageOrientation>
            <TopMargin></TopMargin>
            <BottomMargin></BottomMargin>
            <RightMargin></RightMargin>
            <LeftMargin></LeftMargin>
            <pdfFont></pdfFont>
            <pdfFontSize></pdfFontSize>
            <PreExecuteCode>NONE</PreExecuteCode>
            <formBetweenRows>solidline</formBetweenRows>
            <gridDisplay>show</gridDisplay>
            <gridSortable>yes</gridSortable>
            <gridSearchable>yes</gridSearchable>
            <gridPageable>yes</gridPageable>
            <gridPageSize>.DEFAULT</gridPageSize>
        </Format>
        <Datasource>
            <SourceType>database</SourceType>
            <SourceConnection>
                <DatabaseType>mysql</DatabaseType>
                <DatabaseName></DatabaseName>
                <HostName></HostName>
                <ServiceName></ServiceName>
                <UserName></UserName>
                <Password></Password>
            </SourceConnection>
        </Datasource>
        <EntryForm>
            <Query>
                <TableSql></TableSql>
                <WhereSql></WhereSql>
                <GroupSql></GroupSql>
                <RowSelection>all</RowSelection>
                <SQL>
                    <QuerySql></QuerySql>
                    <SQLRaw>SELECT users.name, users.email, attendences.day FROM users INNER JOIN attendences ON users.id = attendences
                        .user_id WHERE 1 = 1 [ AND attendences .user_id in ( {name} ) ]
                    </SQLRaw>
                </SQL>
                <QueryColumns>
                    <QueryColumn>
                        <Name>name</Name>
                        <TableName>users</TableName>
                        <ColumnName>name</ColumnName>
                        <ColumnType>char</ColumnType>
                        <ColumnLength>30</ColumnLength>
                        <Format>
                            <column_display>show</column_display>
                            <content_type>plain</content_type>
                            <ColumnStartPDF></ColumnStartPDF>
                            <justify>left</justify>
                            <ColumnWidthPDF></ColumnWidthPDF>
                            <ColumnWidthHTML></ColumnWidthHTML>
                            <column_title></column_title>
                            <tooltip></tooltip>
                            <group_header_label>0</group_header_label>
                            <group_header_label_xpos></group_header_label_xpos>
                            <group_header_data_xpos></group_header_data_xpos>
                            <group_trailer_label>0</group_trailer_label>
                        </Format>
                    </QueryColumn>
                    <QueryColumn>
                        <Name>email</Name>
                        <TableName>users</TableName>
                        <ColumnName>email</ColumnName>
                        <ColumnType>char</ColumnType>
                        <ColumnLength>30</ColumnLength>
                        <Format>
                            <column_display>show</column_display>
                            <content_type>plain</content_type>
                            <ColumnStartPDF></ColumnStartPDF>
                            <justify>left</justify>
                            <ColumnWidthPDF></ColumnWidthPDF>
                            <ColumnWidthHTML></ColumnWidthHTML>
                            <column_title></column_title>
                            <tooltip></tooltip>
                            <group_header_label>0</group_header_label>
                            <group_header_label_xpos></group_header_label_xpos>
                            <group_header_data_xpos></group_header_data_xpos>
                            <group_trailer_label>0</group_trailer_label>
                        </Format>
                    </QueryColumn>
                    <QueryColumn>
                        <Name>day</Name>
                        <TableName>attendences</TableName>
                        <ColumnName>day</ColumnName>
                        <ColumnType>char</ColumnType>
                        <ColumnLength>30</ColumnLength>
                        <Format>
                            <column_display>show</column_display>
                            <content_type>plain</content_type>
                            <ColumnStartPDF></ColumnStartPDF>
                            <justify>left</justify>
                            <ColumnWidthPDF></ColumnWidthPDF>
                            <ColumnWidthHTML></ColumnWidthHTML>
                            <column_title></column_title>
                            <tooltip></tooltip>
                            <group_header_label>0</group_header_label>
                            <group_header_label_xpos></group_header_label_xpos>
                            <group_header_data_xpos></group_header_data_xpos>
                            <group_trailer_label>0</group_trailer_label>
                        </Format>
                    </QueryColumn>
                </QueryColumns>
                <OrderColumns></OrderColumns>
                <PreSQLS></PreSQLS>
            </Query>
            <Assignments></Assignments>
            <Criteria>
                <CriteriaItem>
                    <Name>name</Name>
                    <Title>Search Users</Title>
                    <QueryTableName></QueryTableName>
                    <QueryColumnName></QueryColumnName>
                    <CriteriaType>LOOKUP</CriteriaType>
                    <CriteriaHelp></CriteriaHelp>
                    <CriteriaDisplay>SELECT2MULTIPLE</CriteriaDisplay>
                    <ExpandDisplay>DROPDOWN</ExpandDisplay>
                    <CriteriaRequired>yes</CriteriaRequired>
                    <CriteriaHidden>.DEFAULT</CriteriaHidden>
                    <CriteriaDisplayGroup></CriteriaDisplayGroup>
                    <ReturnColumn>id</ReturnColumn>
                    <DisplayColumn>name</DisplayColumn>
                    <OverviewColumn>name</OverviewColumn>
                    <MatchColumn>name</MatchColumn>
                    <CriteriaDefaults></CriteriaDefaults>
                    <CriteriaList></CriteriaList>
                    <Query>
                        <TableSql></TableSql>
                        <WhereSql></WhereSql>
                        <GroupSql></GroupSql>
                        <RowSelection></RowSelection>
                        <SQLRaw>SELECT id, name FROM users WHERE isSuperAdmin = 0</SQLRaw>
                        <SQL>
                            <QuerySql></QuerySql>
                        </SQL>
                        <QueryColumns>
                            <QueryColumn>
                                <Name>id</Name>
                                <TableName></TableName>
                                <ColumnName>id</ColumnName>
                                <ColumnType>char</ColumnType>
                                <ColumnLength>30</ColumnLength>
                                <Format>
                                    <column_display>show</column_display>
                                    <content_type>plain</content_type>
                                    <justify>left</justify>
                                </Format>
                            </QueryColumn>
                            <QueryColumn>
                                <Name>name</Name>
                                <TableName></TableName>
                                <ColumnName>name</ColumnName>
                                <ColumnType>char</ColumnType>
                                <ColumnLength>30</ColumnLength>
                                <Format>
                                    <column_display>show</column_display>
                                    <content_type>plain</content_type>
                                    <justify>left</justify>
                                </Format>
                            </QueryColumn>
                        </QueryColumns>
                        <OrderColumns></OrderColumns>
                        <Assignments></Assignments>
                    </Query>
                    <CriteriaLinks></CriteriaLinks>
                </CriteriaItem>
            </Criteria>
            <Output>
                <PageHeaders></PageHeaders>
                <PageFooters></PageFooters>
                <DisplayOrders>
                    <DisplayOrder>
                        <ColumnName>name</ColumnName>
                        <OrderNumber>1</OrderNumber>
                    </DisplayOrder>
                    <DisplayOrder>
                        <ColumnName>email</ColumnName>
                        <OrderNumber>2</OrderNumber>
                    </DisplayOrder>
                    <DisplayOrder>
                        <ColumnName>day</ColumnName>
                        <OrderNumber>3</OrderNumber>
                    </DisplayOrder>
                </DisplayOrders>
                <Groups></Groups>
                <Graphs></Graphs>
            </Output>
        </EntryForm>
    </ReportQuery>
</Report>